{
    "seeds": [
        1,
        2,
        3,
        4,
        5
    ],
    "per_seed": {
        "seed_1": {
            "loss_total": 0.00987846792134131,
            "loss_speed": 0.009875342994096823,
            "loss_direction": 3.1249263205580297e-06,
            "speed_mae": 0.04811593434876866,
            "direction_angle_deg": 0.1117176033467764,
            "speed_accuracy": 0.9751984126984127,
            "direction_accuracy": 0.9999999962155781,
            "joint_accuracy": 0.9751984126984127
        },
        "seed_2": {
            "loss_total": 0.009775513573364902,
            "loss_speed": 0.009773414814844728,
            "loss_direction": 2.098781186261823e-06,
            "speed_mae": 0.05018209255049153,
            "direction_angle_deg": 0.08937865424723852,
            "speed_accuracy": 0.9722222222222222,
            "direction_accuracy": 0.9999999962155781,
            "joint_accuracy": 0.9722222222222222
        },
        "seed_3": {
            "loss_total": 0.009017666424846365,
            "loss_speed": 0.009014543095078792,
            "loss_direction": 3.1233295798994644e-06,
            "speed_mae": 0.04128399798794398,
            "direction_angle_deg": 0.10614864173389617,
            "speed_accuracy": 0.9821428571428571,
            "direction_accuracy": 0.9999999962155781,
            "joint_accuracy": 0.9821428571428571
        },
        "seed_4": {
            "loss_total": 0.011223012635546472,
            "loss_speed": 0.011221042725689282,
            "loss_direction": 1.9699316128805677e-06,
            "speed_mae": 0.060792832979045454,
            "direction_angle_deg": 0.08322891510195202,
            "speed_accuracy": 0.9662698412698413,
            "direction_accuracy": 0.9999999962155781,
            "joint_accuracy": 0.9662698412698413
        },
        "seed_5": {
            "loss_total": 0.009028632094019226,
            "loss_speed": 0.009022497398305743,
            "loss_direction": 6.134656966120626e-06,
            "speed_mae": 0.04760145632520554,
            "direction_angle_deg": 0.15493710072977201,
            "speed_accuracy": 0.9791666666666666,
            "direction_accuracy": 0.9999999962155781,
            "joint_accuracy": 0.9791666666666666
        }
    },
    "mean": {
        "loss_total": 0.009784659370779991,
        "loss_speed": 0.0097813680768013,
        "loss_direction": 3.2903251394600375e-06,
        "speed_mae": 0.04959526285529137,
        "direction_angle_deg": 0.1090821847319603,
        "speed_accuracy": 0.9750000238418579,
        "direction_accuracy": 1.0,
        "joint_accuracy": 0.9750000238418579
    },
    "std": {
        "loss_total": 0.0008046860457397997,
        "loss_speed": 0.0008056628284975886,
        "loss_direction": 1.5039071286082617e-06,
        "speed_mae": 0.0063398852944374084,
        "direction_angle_deg": 0.025198591873049736,
        "speed_accuracy": 0.005520014092326164,
        "direction_accuracy": 0.0,
        "joint_accuracy": 0.005520014092326164
    },
    "split_seed": 42,
    "split_info": {
        "episode": {
            "train": [
                "episode_002",
                "episode_003",
                "episode_004",
                "episode_005",
                "episode_006",
                "episode_007",
                "episode_008",
                "episode_009"
            ],
            "val": [
                "episode_000"
            ],
            "test": [
                "episode_001"
            ],
            "num_train": 8,
            "num_val": 1,
            "num_test": 1
        },
        "sample": {
            "num_train": 9948,
            "num_val": 520,
            "num_test": 1008
        }
    }
}