{
    "seeds": [
        1,
        2,
        3,
        4,
        5
    ],
    "per_seed": {
        "seed_1": {
            "loss_total": 0.06895964960649235,
            "loss_speed": 0.06895962923321117,
            "loss_direction": 2.0429336292193874e-08,
            "speed_mae": 0.09941130785936345,
            "direction_angle_deg": 0.0035455594698625592,
            "speed_accuracy": 0.9124012366884232,
            "direction_accuracy": 0.9893507385778083,
            "joint_accuracy": 0.9124012366884232
        },
        "seed_2": {
            "loss_total": 0.04623328939199253,
            "loss_speed": 0.04623328552209289,
            "loss_direction": 4.127163572156541e-09,
            "speed_mae": 0.07970964384167024,
            "direction_angle_deg": 0.0009814745147319972,
            "speed_accuracy": 0.923394022672621,
            "direction_accuracy": 0.9893507385778083,
            "joint_accuracy": 0.923394022672621
        },
        "seed_3": {
            "loss_total": 0.09285254057222285,
            "loss_speed": 0.0928519854873319,
            "loss_direction": 5.553358060354531e-07,
            "speed_mae": 0.10323949880470569,
            "direction_angle_deg": 0.036674282899717005,
            "speed_accuracy": 0.9223634489866025,
            "direction_accuracy": 0.9893507385778083,
            "joint_accuracy": 0.9223634489866025
        },
        "seed_4": {
            "loss_total": 0.04764335618518505,
            "loss_speed": 0.04764334100248354,
            "loss_direction": 1.5517359964165032e-08,
            "speed_mae": 0.08180200600083527,
            "direction_angle_deg": 0.0033699752227347233,
            "speed_accuracy": 0.9209893507385778,
            "direction_accuracy": 0.9893507385778083,
            "joint_accuracy": 0.9209893507385778
        },
        "seed_5": {
            "loss_total": 0.047640777025685324,
            "loss_speed": 0.0476407740567147,
            "loss_direction": 3.1794006300950854e-09,
            "speed_mae": 0.08590826091181572,
            "direction_angle_deg": 0.0006382155514631596,
            "speed_accuracy": 0.9103400890297269,
            "direction_accuracy": 0.9893507385778083,
            "joint_accuracy": 0.9103400890297269
        }
    },
    "mean": {
        "loss_total": 0.06066592410206795,
        "loss_speed": 0.0606658048927784,
        "loss_direction": 1.1971782498676475e-07,
        "speed_mae": 0.09001414477825165,
        "direction_angle_deg": 0.009041901677846909,
        "speed_accuracy": 0.9178975820541382,
        "direction_accuracy": 0.9893506765365601,
        "joint_accuracy": 0.9178975820541382
    },
    "std": {
        "loss_total": 0.01817859709262848,
        "loss_speed": 0.01817840337753296,
        "loss_direction": 2.1790887672068493e-07,
        "speed_mae": 0.009525722824037075,
        "direction_angle_deg": 0.01386738196015358,
        "speed_accuracy": 0.005422903690487146,
        "direction_accuracy": 5.960464477539063e-08,
        "joint_accuracy": 0.005422903690487146
    },
    "split_seed": 42,
    "split_info": {
        "episode": {
            "train": [
                "episode_001",
                "episode_002",
                "episode_004",
                "episode_005",
                "episode_006",
                "episode_009",
                "episode_010",
                "episode_011",
                "episode_012",
                "episode_013",
                "episode_014",
                "episode_015",
                "episode_017",
                "episode_018",
                "episode_019"
            ],
            "val": [
                "episode_007",
                "episode_008",
                "episode_016"
            ],
            "test": [
                "episode_000",
                "episode_003"
            ],
            "num_train": 15,
            "num_val": 3,
            "num_test": 2
        },
        "sample": {
            "num_train": 24243,
            "num_val": 4902,
            "num_test": 2911
        }
    }
}