{
    "seeds": [
        1,
        2,
        3,
        4,
        5
    ],
    "per_seed": {
        "seed_1": {
            "loss_total": 0.02837185528803121,
            "loss_speed": 0.013173203382613932,
            "loss_direction": 0.015198651796455557,
            "speed_mae": 0.036815795567634695,
            "direction_angle_deg": 3.061023400681614,
            "speed_accuracy": 0.9750871948181365,
            "direction_accuracy": 0.9609883990998166,
            "joint_accuracy": 0.9479322374074923
        },
        "seed_2": {
            "loss_total": 0.02790433162146753,
            "loss_speed": 0.013099783604842688,
            "loss_direction": 0.014804548073947935,
            "speed_mae": 0.03018305154343743,
            "direction_angle_deg": 3.383389215179504,
            "speed_accuracy": 0.974090682610862,
            "direction_accuracy": 0.9672015563848901,
            "joint_accuracy": 0.9511709020811346
        },
        "seed_3": {
            "loss_total": 0.033758765392564144,
            "loss_speed": 0.012184137881139045,
            "loss_direction": 0.021574627736135093,
            "speed_mae": 0.02885814345296515,
            "direction_angle_deg": 3.575318266161057,
            "speed_accuracy": 0.9758345789735924,
            "direction_accuracy": 0.964361588011705,
            "joint_accuracy": 0.9491778777259823
        },
        "seed_4": {
            "loss_total": 0.024144422440169223,
            "loss_speed": 0.011981204839824807,
            "loss_direction": 0.01216321740731946,
            "speed_mae": 0.030315508822830208,
            "direction_angle_deg": 2.8389393754663548,
            "speed_accuracy": 0.9775784753363229,
            "direction_accuracy": 0.971193048807894,
            "joint_accuracy": 0.9561534631175073
        },
        "seed_5": {
            "loss_total": 0.02580233799817071,
            "loss_speed": 0.012922682932983596,
            "loss_direction": 0.01287965464749567,
            "speed_mae": 0.035686998518103086,
            "direction_angle_deg": 2.7254144158242175,
            "speed_accuracy": 0.9750871948181365,
            "direction_accuracy": 0.9690257856723499,
            "joint_accuracy": 0.9529147984438651
        }
    },
    "mean": {
        "loss_total": 0.02799634262919426,
        "loss_speed": 0.012672202661633492,
        "loss_direction": 0.015324139967560768,
        "speed_mae": 0.03237190097570419,
        "direction_angle_deg": 3.116816997528076,
        "speed_accuracy": 0.9755355715751648,
        "direction_accuracy": 0.9665540456771851,
        "joint_accuracy": 0.9514697790145874
    },
    "std": {
        "loss_total": 0.0032559470273554325,
        "loss_speed": 0.0004923926899209619,
        "loss_direction": 0.003326297039166093,
        "speed_mae": 0.0032281382009387016,
        "direction_angle_deg": 0.3208766281604767,
        "speed_accuracy": 0.0011621208395808935,
        "direction_accuracy": 0.003573024645447731,
        "joint_accuracy": 0.0028941722121089697
    },
    "split_seed": 42,
    "split_info": {
        "episode": {
            "train": [
                "episode_001",
                "episode_002",
                "episode_004",
                "episode_005",
                "episode_006",
                "episode_009",
                "episode_010",
                "episode_011",
                "episode_012",
                "episode_013",
                "episode_014",
                "episode_015",
                "episode_017",
                "episode_018",
                "episode_019"
            ],
            "val": [
                "episode_007",
                "episode_008",
                "episode_016"
            ],
            "test": [
                "episode_000",
                "episode_003"
            ],
            "num_train": 15,
            "num_val": 3,
            "num_test": 2
        },
        "sample": {
            "num_train": 23875,
            "num_val": 2232,
            "num_test": 4014
        }
    }
}